{
  "first_portion_avg": 0.04260810172222222,
  "second_portion_avg": 0.036685760888888884,
  "mV_diff": -0.005922340833333338,
  "pct_diff": -13.899565091970633,
  "duration_in_hours": 53
}