{
  "first_portion_avg": 0.04573150855555555,
  "second_portion_avg": 0.040070281555555566,
  "mV_diff": -0.005661226999999984,
  "pct_diff": -12.37927017675923,
  "duration_in_hours": 33
}