{
  "first_portion_avg": 0.03734528805555556,
  "second_portion_avg": 0.030560759222222227,
  "mV_diff": -0.006784528833333331,
  "pct_diff": -18.167027720446384,
  "duration_in_hours": 41
}