{
  "first_portion_avg": 0.04127299366666667,
  "second_portion_avg": 0.034970227444444446,
  "mV_diff": -0.006302766222222221,
  "pct_diff": -15.270920915321264,
  "duration_in_hours": 53
}