{
  "first_portion_avg": 0.049989218444444435,
  "second_portion_avg": 0.04357266166666668,
  "mV_diff": -0.006416556777777756,
  "pct_diff": -12.835881370917615,
  "duration_in_hours": 67
}